Term,Definition,Page(s)
Major,Refers to the keys of pieces that are constructed from the intervals in the Major scale,All Pages
Minor,Refers to the keys of pieces that are constructed from the intervals in the Minor scale,All Pages
"Key
Key Center
Parent Key",Refers to the Major or Minor scale from which the notes in a peice are derived,"Aggregated Harmonic Analysis
Individual Score Analysis"
Root,"Refers to the note from which a Major or Minor key is constructed

Ex. The Root note of C Major is C. The Root note of C Minor is also C","Aggregated Harmonic Analysis
Individual Score Analysis"
Key Quality,Refers to the status of a key center as Major or Minor,All Pages
Interval,"In this analysis intervals refer to the difference in pitch between a note and the key center of a piece. There are 12 intervals in western music theory. The following intervals are ordered stepwise. The step between each succesive interval is equivalent:

 - Minor Second
 - Major Second
 - Minor Third
 - Major Third
 - Perfect Fourth
 - Tritone (Sometimes called an Augmented Fourth, Diminished Fifth, #4, #11 or b5)
 - Perfect Fifth
 - Minor Sixth
 - Major Sixth
 - Minor Seventh
 - Major Seventh
 - Octave (Referred to as Root in this analysis)","Aggregated Harmonic Analysis
Individual Score Analysis"
Diatonic v Borrowed,"Notes are considered Diatonic to a key when they are included in the notes that comprise that particular key. If a note in a piece is not from the key that a piece is written in, then it is considered to be Borrowed from another key

Ex. In the key of C Major (C, D, E, F, G, A, B), D is Diatonic to C Major but Bb is Borrowed because it is not native to the key of C Major",Introduction
Composer,The Composer of a piece is the author of a piece,All Pages
Piece,A Piece in classical music is a collection of music analgous to an album,"Aggregated Harmonic Analysis
Individual Score Analysis"
Movement,A Movement in classical music is analgous to a song,"Aggregated Harmonic Analysis
Individual Score Analysis"
Ensemble,A group of instruments paying a piece,"Aggregated Harmonic Analysis
Individual Score Analysis"
Instrument,Refers to the intruments playing filtered notes,"Aggregated Harmonic Analysis
Individual Score Analysis"
Harmonic,Notes are played harmonically when more than one note is being played at the same time,Aggregated Harmonic Analysis
Melodic,Notes are played melodically when only one note is played at a time,Aggregated Harmonic Analysis
Next Note > ,Click the 'Next Note >' button to advance through the selected movement one beat at a time,Individual Score Analysis
< Previous Note,Click the '< Previous Note' button to move backward through the selected movement one beat at a time,Individual Score Analysis
Reset,Click the 'Reset' button to return to the first note in the filtered selection,Individual Score Analysis
"Previous, Current, Next Note #",Note #s refer to the relative index of beats in a movement. Every step is the next or previous beat in a filtered selection,Individual Score Analysis